Title,url
"Terreno al inicio","https://youtube.com/shorts/M-79vXUqVBs"
"Huerta ASANA antes de empezar los trabajos","https://youtube.com/shorts/S-oNx8jfwM4"
"Desmalezado del terreno huerta ASANA Abril 2025","https://youtube.com/shorts/vSK_97lwsRg"
"Preparando la tierra al inicio","https://youtube.com/shorts/-QaoTvAkdZ8"
"Construcción de bancales 4","https://youtube.com/shorts/0GbRjlTUHMs"
"Febrero 2026","https://youtube.com/shorts/LZdWakKOy1s"
"Trabajando en la huerta","https://youtube.com/shorts/KgnDMxbc41w"
"huerta marzo 2026","https://youtube.com/shorts/8qTKysp8SIw"
"Primeras plantaciones 1","https://youtube.com/shorts/jmlp5NT-e5I"
"Plantando Habas","https://youtube.com/shorts/dWAYNiXwXZ4"
"Primeros meses de trabajo","https://youtube.com/shorts/9S2_CcYWAt4"
